from,to,emails
17,1,1
72,1,9
3,2,17
19,2,19
20,2,18
27,2,4
29,2,12
31,2,19
48,2,9
65,2,12
67,2,10
69,2,18
71,2,7
132,2,10
136,2,6
4,3,3
19,3,14
20,3,9
28,3,17
31,3,17
65,3,12
67,3,4
69,3,8
71,3,9
132,3,7
136,3,5
19,4,7
20,4,13
27,4,18
29,4,11
31,4,16
54,4,3
69,4,1
71,4,14
132,4,15
136,4,9
22,5,4
72,5,7
9,6,3
13,6,15
16,6,7
26,6,20
47,6,4
49,6,12
64,6,9
66,6,4
105,6,16
11,7,4
12,7,7
24,7,8
74,7,12
75,7,5
112,8,14
124,8,2
13,9,10
47,9,13
49,9,7
51,9,20
56,9,13
66,9,9
74,9,13
75,9,15
78,9,6
91,9,2
139,9,14
17,10,17
21,10,20
37,10,18
53,10,15
70,10,11
72,10,11
122,10,15
124,10,6
12,11,12
17,11,10
32,11,3
37,11,14
74,11,17
124,11,11
137,11,9
32,12,20
37,12,13
74,12,14
75,12,5
26,13,6
32,13,8
47,13,9
49,13,10
56,13,8
66,13,1
75,13,2
105,13,13
139,13,9
16,14,8
22,14,10
26,14,13
50,14,1
64,14,13
68,14,19
72,14,10
73,14,8
132,14,16
85,15,17
26,16,4
47,16,10
50,16,9
64,16,13
73,16,19
105,16,8
107,16,8
122,16,18
21,17,14
24,17,16
25,17,16
32,17,16
36,17,13
37,17,19
39,17,4
40,17,4
41,17,10
43,17,5
48,17,12
55,17,4
58,17,11
60,17,13
61,17,2
70,17,17
76,17,14
82,17,6
95,17,11
101,17,1
104,17,10
105,17,12
115,17,13
121,17,17
122,17,8
124,17,8
128,17,17
19,18,17
20,18,20
27,18,2
29,18,7
31,18,13
48,18,11
65,18,16
67,18,3
69,18,7
132,18,16
20,19,11
27,19,15
28,19,20
29,19,1
31,19,18
48,19,12
54,19,5
67,19,8
69,19,20
71,19,10
132,19,18
136,19,17
27,20,17
28,20,1
29,20,14
31,20,9
54,20,19
65,20,17
67,20,2
69,20,12
71,20,3
107,20,16
132,20,20
136,20,12
70,21,20
83,21,19
105,21,9
124,21,2
31,22,6
38,22,18
48,22,6
50,22,13
64,22,16
68,22,19
72,22,11
91,22,8
105,22,20
111,22,19
126,22,3
140,22,12
33,23,18
87,23,8
91,23,2
111,23,20
120,23,15
25,24,16
39,24,12
58,24,13
60,24,15
122,24,10
124,24,4
55,25,5
60,25,15
47,26,10
51,26,15
64,26,11
74,26,13
91,26,9
105,26,14
139,26,8
31,27,17
48,27,7
69,27,18
71,27,20
136,27,7
31,28,3
65,28,12
67,28,6
69,28,14
123,28,4
132,28,15
136,28,13
54,29,7
67,29,20
69,29,7
71,29,2
132,29,18
136,29,11
38,30,20
44,30,11
65,30,10
123,30,16
48,31,7
50,31,15
65,31,4
67,31,12
69,31,5
72,31,13
132,31,5
134,31,20
136,31,20
37,32,14
40,32,1
43,32,10
49,32,5
55,32,14
56,32,3
66,32,11
74,32,11
75,32,5
103,32,4
124,32,15
137,32,16
141,32,9
34,33,4
120,33,3
81,34,1
120,34,4
43,35,11
50,35,19
53,35,4
76,35,18
77,35,3
105,35,13
107,35,4
119,35,18
123,35,17
125,35,12
37,36,15
39,36,19
58,36,18
60,36,3
89,36,9
40,37,20
56,37,20
72,37,13
74,37,1
100,37,1
105,37,7
115,37,4
137,37,19
91,38,12
40,39,12
41,39,18
48,39,9
58,39,4
60,39,13
70,39,14
60,40,13
59,41,14
60,41,17
104,41,7
115,41,7
121,41,7
122,41,18
81,42,12
52,43,2
53,43,5
61,43,11
77,43,13
90,43,4
91,43,12
95,43,17
99,43,10
100,43,16
101,43,9
103,43,8
105,43,12
109,43,6
117,43,6
122,43,18
142,43,1
77,44,13
78,44,8
105,44,1
68,45,2
105,45,14
118,45,17
119,45,1
95,46,1
100,46,20
108,46,6
49,47,12
51,47,3
56,47,14
66,47,5
67,47,2
77,47,18
90,47,13
105,47,11
131,47,11
137,47,12
139,47,1
58,48,9
60,48,4
69,48,2
72,48,11
74,48,8
90,48,17
91,48,8
99,48,15
101,48,4
121,48,19
132,48,20
136,48,17
51,49,7
56,49,15
66,49,12
75,49,5
139,49,3
53,50,16
64,50,20
65,50,20
68,50,14
72,50,15
105,50,11
107,50,11
118,50,5
123,50,11
142,50,18
143,50,19
66,51,14
75,51,7
94,51,13
112,51,4
130,51,6
132,51,16
139,51,5
105,52,9
57,53,6
63,53,12
64,53,17
77,53,10
105,53,3
118,53,6
119,53,2
123,53,3
125,53,16
142,53,15
69,54,15
71,54,12
136,54,17
60,55,2
66,56,7
74,56,8
75,56,16
90,56,10
95,56,3
105,56,12
122,56,11
137,56,5
74,57,20
95,57,3
102,57,9
105,57,18
117,57,12
121,57,5
60,58,14
70,58,11
104,58,3
115,58,14
75,59,16
137,59,19
104,60,1
115,60,7
121,60,20
124,60,2
95,61,6
101,61,5
105,61,18
121,61,7
95,62,14
112,62,4
73,64,13
74,64,1
105,64,20
132,64,8
142,64,19
143,64,20
67,65,7
73,65,10
118,65,9
123,65,7
125,65,5
132,65,15
136,65,9
95,66,3
131,66,2
139,66,17
69,67,6
71,67,19
118,67,13
125,67,19
132,67,16
136,67,11
72,68,13
91,68,9
105,68,5
123,68,3
125,68,14
134,68,11
143,68,7
71,69,17
72,69,3
136,69,18
79,70,10
124,70,14
136,71,14
105,72,14
132,72,9
134,72,5
135,72,17
136,72,1
143,72,15
123,73,16
125,73,18
132,73,16
143,73,7
75,74,16
94,74,16
105,74,8
108,74,9
114,74,4
132,74,17
137,74,10
95,75,4
97,75,11
131,75,3
137,75,17
139,75,6
89,76,11
100,76,11
105,76,13
115,76,5
82,77,8
99,77,2
100,77,5
101,77,20
105,77,2
109,77,17
142,77,16
91,78,4
105,78,17
111,78,20
118,78,10
124,78,1
90,79,17
102,79,11
121,79,16
112,80,14
91,82,16
95,82,10
115,82,3
116,82,15
120,82,7
90,83,6
104,83,12
105,83,20
122,83,10
86,84,19
127,84,3
130,84,10
141,84,9
86,85,1
113,85,14
126,85,13
129,85,13
130,85,19
133,85,19
134,85,16
141,85,3
113,86,16
129,86,7
130,86,2
141,86,7
111,87,7
116,87,7
95,88,20
112,88,10
99,90,18
101,90,4
109,90,11
105,91,14
107,91,18
111,91,15
116,91,10
120,91,2
122,91,1
128,91,11
142,91,4
141,92,2
100,93,2
109,93,14
102,94,20
112,94,9
121,94,15
100,95,8
101,95,1
102,95,19
105,95,9
108,95,10
109,95,7
112,95,19
117,95,18
118,95,3
122,95,15
124,95,4
142,95,16
126,96,13
128,96,14
105,97,20
130,98,17
101,99,18
104,99,11
109,99,12
110,99,2
124,99,4
109,100,19
115,100,17
117,100,4
124,100,4
103,101,10
105,101,14
109,101,9
118,101,10
105,102,11
114,102,5
117,102,9
121,102,1
122,102,8
109,103,4
117,103,11
110,104,5
121,104,3
124,104,20
107,105,5
111,105,8
117,105,15
118,105,14
119,105,18
122,105,13
123,105,3
125,105,16
139,105,3
142,105,20
111,106,9
115,106,11
116,106,10
120,106,8
118,107,20
119,107,14
125,107,8
112,108,3
122,110,16
124,110,9
138,110,9
124,112,16
121,114,1
120,115,14
119,118,3
123,118,7
125,118,8
142,118,5
143,118,4
123,119,9
143,119,17
137,121,17
142,122,5
125,123,11
143,123,16
138,124,11
129,126,17
130,126,13
130,127,8
141,127,13
130,129,10
134,129,14
141,129,5
141,130,16
137,131,14
136,132,12
141,133,9
135,134,16
140,134,2
143,142,13
